submitNm,distur,paired,fireYr,year,tsf,tsfClass,permaExtent,cntryId,lastNm,biome,slope,estDepth,n
Baillargeon,burned,a1,2015,2018,3,0-3,C,US,"Baillargeon, MacArthur, Natali, Sistla",tundra,NA,70.97777777777777,90
Baillargeon,burned,a1,2015,2019,4,4-10,C,US,"Baillargeon, MacArthur, Natali, Sistla",tundra,NA,93.09722222222223,72
Baillargeon,burned,a2,2015,2018,3,0-3,C,US,"Baillargeon, MacArthur, Natali, Sistla",tundra,NA,52.111111111111114,90
Baillargeon,burned,a2,2015,2019,4,4-10,C,US,"Baillargeon, MacArthur, Natali, Sistla",tundra,NA,71.82716049382717,81
Baillargeon,burned,a3,1972,2018,46,>40,C,US,"Baillargeon, MacArthur, Natali, Sistla",tundra,NA,63.05555555555556,90
Baillargeon,burned,a3,2015,2018,3,0-3,C,US,"Baillargeon, MacArthur, Natali, Sistla",tundra,NA,73.08888888888889,90
Baillargeon,burned,a4,2015,2018,3,0-3,C,US,"Baillargeon, MacArthur, Natali, Sistla",tundra,NA,62.84444444444444,90
Baillargeon,burned,a4,2015,2019,4,4-10,C,US,"Baillargeon, MacArthur, Natali, Sistla",tundra,NA,80.16470588235295,85
Baillargeon,burned,a5,1972,2019,47,>40,C,US,"Baillargeon, MacArthur, Natali, Sistla",tundra,NA,68.44444444444444,45
Baillargeon,burned,a5,2015,2019,4,4-10,C,US,"Baillargeon, MacArthur, Natali, Sistla",tundra,NA,87.25925925925925,27
Baillargeon,burned,a6,1972,2019,47,>40,C,US,"Baillargeon, MacArthur, Natali, Sistla",tundra,NA,77.82222222222222,45
Baillargeon,burned,a6,2015,2019,4,4-10,C,US,"Baillargeon, MacArthur, Natali, Sistla",tundra,NA,99.07142857142857,42
Baillargeon,burned,a7,2015,2019,4,4-10,C,US,"Baillargeon, MacArthur, Natali, Sistla",tundra,NA,94.90697674418605,43
Baillargeon,unburned,a1,-9999,2018,u,unburned,C,US,"Baillargeon, MacArthur, Natali, Sistla",tundra,NA,61.422222222222224,90
Baillargeon,unburned,a1,-9999,2019,u,unburned,C,US,"Baillargeon, MacArthur, Natali, Sistla",tundra,NA,80.7,90
Baillargeon,unburned,a2,-9999,2018,u,unburned,C,US,"Baillargeon, MacArthur, Natali, Sistla",tundra,NA,47.922222222222224,90
Baillargeon,unburned,a2,-9999,2019,u,unburned,C,US,"Baillargeon, MacArthur, Natali, Sistla",tundra,NA,57.06666666666667,90
Baillargeon,unburned,a3,-9999,2018,u,unburned,C,US,"Baillargeon, MacArthur, Natali, Sistla",tundra,NA,60.43333333333333,90
Baillargeon,unburned,a4,-9999,2018,u,unburned,C,US,"Baillargeon, MacArthur, Natali, Sistla",tundra,NA,59.75555555555555,90
Baillargeon,unburned,a4,-9999,2019,u,unburned,C,US,"Baillargeon, MacArthur, Natali, Sistla",tundra,NA,64.73333333333333,90
Baillargeon,unburned,a5,-9999,2019,u,unburned,C,US,"Baillargeon, MacArthur, Natali, Sistla",tundra,NA,82.2,45
Baillargeon,unburned,a6,-9999,2019,u,unburned,C,US,"Baillargeon, MacArthur, Natali, Sistla",tundra,NA,82.42222222222222,45
Baillargeon,unburned,a7,-9999,2019,u,unburned,C,US,"Baillargeon, MacArthur, Natali, Sistla",tundra,NA,81.51351351351352,37
Breen,burned,b1,1971,2012,41,>40,D,US,Breen,tundra,NA,30.8,10
Breen,burned,b1,1982,2012,30,21-40,D,US,Breen,tundra,NA,64.4,5
Breen,burned,b1,2002,2012,10,4-10,D,US,Breen,tundra,NA,72.88888888888889,9
Breen,burned,b1,2011,2012,1,0-3,D,US,Breen,tundra,NA,60.3,10
Breen,unburned,b1,-9999,2012,u,unburned,D,US,Breen,tundra,NA,31.75,8
Buma,burned,c1,2005,2019,14,11-20,D,US,Buma / Olson,boreal,NA,132.16666666666666,12
Buma,burned,NA,2005,2019,14,11-20,D,US,Buma / Olson,boreal,NA,127.57692307692308,26
Buma,unburned,c1,2005,2019,u,unburned,D,US,Buma / Olson,boreal,NA,92.9,40
Delcourt,burned,r1,2018,2019,1,0-3,C,RU,Delcourt-Veraverbeke,boreal,NA,141.64,50
Delcourt,burned,r2,2018,2019,1,0-3,C,RU,Delcourt-Veraverbeke,boreal,NA,104.1,10
Delcourt,burned,r3,2018,2019,1,0-3,C,RU,Delcourt-Veraverbeke,boreal,NA,203.8,10
Delcourt,burned,r4,2018,2019,1,0-3,C,RU,Delcourt-Veraverbeke,boreal,NA,176.4,30
Delcourt,burned,r5,2018,2019,1,0-3,C,RU,Delcourt-Veraverbeke,boreal,NA,133.75,20
Delcourt,burned,r6,2018,2019,1,0-3,C,RU,Delcourt-Veraverbeke,boreal,NA,177.2,10
Delcourt,unburned,r1,2018,2019,u,unburned,C,RU,Delcourt-Veraverbeke,boreal,NA,90.8,10
Delcourt,unburned,r2,2018,2019,u,unburned,C,RU,Delcourt-Veraverbeke,boreal,NA,93.5,10
Delcourt,unburned,r4,2018,2019,u,unburned,C,RU,Delcourt-Veraverbeke,boreal,NA,116.9,10
Delcourt,unburned,r5,2018,2019,u,unburned,C,RU,Delcourt-Veraverbeke,boreal,NA,149.5,10
Delcourt,unburned,r6,2018,2019,u,unburned,C,RU,Delcourt-Veraverbeke,boreal,NA,114,10
Delcourt,unburned,r7,2018,2019,u,unburned,C,RU,Delcourt-Veraverbeke,boreal,NA,82.3,10
Delcourt,unburned,r8,2018,2019,u,unburned,C,RU,Delcourt-Veraverbeke,boreal,NA,166.42857142857142,7
Diaz,burned,d1,2022,2023,1,0-3,D,US,Diaz-Veraverbeke,tundra,NA,102.51162790697674,43
Diaz,burned,d2,2022,2023,1,0-3,D,US,Diaz-Veraverbeke,tundra,NA,113.9090909090909,22
Diaz,burned,d3,2022,2023,1,0-3,D,US,Diaz-Veraverbeke,tundra,NA,124,66
Diaz,burned,d4,2022,2023,1,0-3,D,US,Diaz-Veraverbeke,tundra,NA,105.18181818181819,22
Diaz,burned,d5,2022,2023,1,0-3,D,US,Diaz-Veraverbeke,tundra,NA,89.48412698412699,126
Diaz,burned,d6,2022,2023,1,0-3,C,US,Diaz-Veraverbeke,tundra,NA,74.5,22
Diaz,burned,d6,2022,2023,1,0-3,D,US,Diaz-Veraverbeke,tundra,NA,76.18181818181819,33
Diaz,burned,d7,2022,2023,1,0-3,C,US,Diaz-Veraverbeke,tundra,NA,77.68181818181819,22
Diaz,burned,d7,2022,2023,1,0-3,D,US,Diaz-Veraverbeke,tundra,NA,69.27272727272727,11
Diaz,burned,d8,2022,2023,1,0-3,C,US,Diaz-Veraverbeke,tundra,NA,74.54545454545455,11
Diaz,burned,d8,2022,2023,1,0-3,D,US,Diaz-Veraverbeke,tundra,NA,73.0909090909091,33
Diaz,unburned,d1,2022,2023,u,unburned,D,US,Diaz-Veraverbeke,tundra,NA,74.18181818181819,11
Diaz,unburned,d2,2022,2023,u,unburned,D,US,Diaz-Veraverbeke,tundra,NA,85.54545454545455,11
Diaz,unburned,d3,2022,2023,u,unburned,D,US,Diaz-Veraverbeke,tundra,NA,53.90909090909091,11
Diaz,unburned,d4,2022,2023,u,unburned,D,US,Diaz-Veraverbeke,tundra,NA,68.54545454545455,11
Diaz,unburned,d5,2022,2023,u,unburned,D,US,Diaz-Veraverbeke,tundra,NA,54,21
Diaz,unburned,d6,2022,2023,u,unburned,D,US,Diaz-Veraverbeke,tundra,NA,79.9090909090909,11
Diaz,unburned,d7,2022,2023,u,unburned,C,US,Diaz-Veraverbeke,tundra,NA,69.0909090909091,11
Diaz,unburned,d8,2022,2023,u,unburned,D,US,Diaz-Veraverbeke,tundra,NA,72.71428571428571,21
Dieleman,burned,e1,1971,2017,46,>40,S,CA,Dieleman_Baltzer_Turetsky,boreal,NA,174.33333333333334,6
Dieleman,burned,e1,1971,2019,48,>40,S,CA,Dieleman_Baltzer_Turetsky,boreal,NA,124.35714285714286,14
Dieleman,burned,e2,1971,2019,48,>40,D,CA,Dieleman_Baltzer_Turetsky,boreal,NA,96.27777777777777,18
Dieleman,burned,e3,1973,2018,45,>40,D,CA,Dieleman_Baltzer_Turetsky,boreal,NA,63.27272727272727,11
Dieleman,burned,e4,1969,2018,49,>40,D,CA,Dieleman_Baltzer_Turetsky,boreal,NA,72.93333333333334,15
Dieleman,burned,e4,2014,2018,4,4-10,D,CA,Dieleman_Baltzer_Turetsky,boreal,NA,96,9
Dieleman,burned,e5,1969,2019,50,>40,S,CA,Dieleman_Baltzer_Turetsky,boreal,NA,152.875,8
Dieleman,burned,e6,1980,2019,39,21-40,S,CA,Dieleman_Baltzer_Turetsky,boreal,NA,138.5,10
Dieleman,burned,e6,2014,2015,1,0-3,D,CA,Dieleman_Baltzer_Turetsky,boreal,NA,98.8048780487805,41
Dieleman,burned,e6,2014,2016,2,0-3,D,CA,Dieleman_Baltzer_Turetsky,boreal,NA,131.25,12
Dieleman,burned,e6,2014,2017,3,0-3,D,CA,Dieleman_Baltzer_Turetsky,boreal,NA,167,6
Dieleman,burned,e6,2014,2018,4,4-10,D,CA,Dieleman_Baltzer_Turetsky,boreal,NA,199,5
Dieleman,burned,e6,2014,2019,5,4-10,D,CA,Dieleman_Baltzer_Turetsky,boreal,NA,160.8,10
Dieleman,burned,e7,2014,2015,1,0-3,S,CA,Dieleman_Baltzer_Turetsky,boreal,NA,104.408,125
Dieleman,burned,e7,2014,2016,2,0-3,S,CA,Dieleman_Baltzer_Turetsky,boreal,NA,119.70370370370371,27
Dieleman,burned,e7,2014,2017,3,0-3,S,CA,Dieleman_Baltzer_Turetsky,boreal,NA,83.16666666666667,6
Dieleman,burned,e7,2014,2018,4,4-10,S,CA,Dieleman_Baltzer_Turetsky,boreal,NA,106.41176470588235,17
Dieleman,burned,e7,2014,2019,5,4-10,S,CA,Dieleman_Baltzer_Turetsky,boreal,NA,157.53846153846155,39
Dieleman,burned,e8,2014,2015,1,0-3,D,CA,Dieleman_Baltzer_Turetsky,boreal,NA,98.46153846153847,52
Dieleman,burned,e8,2014,2015,1,0-3,S,CA,Dieleman_Baltzer_Turetsky,boreal,NA,101.93548387096774,31
Dieleman,burned,e8,2014,2016,2,0-3,D,CA,Dieleman_Baltzer_Turetsky,boreal,NA,110.88235294117646,34
Dieleman,burned,e8,2014,2017,3,0-3,D,CA,Dieleman_Baltzer_Turetsky,boreal,NA,98.3076923076923,13
Dieleman,burned,e8,2014,2017,3,0-3,S,CA,Dieleman_Baltzer_Turetsky,boreal,NA,2,2
Dieleman,burned,e8,2014,2018,4,4-10,D,CA,Dieleman_Baltzer_Turetsky,boreal,NA,96.30434782608695,23
Dieleman,burned,e8,2014,2018,4,4-10,S,CA,Dieleman_Baltzer_Turetsky,boreal,NA,68,4
Dieleman,burned,e8,2014,2019,5,4-10,D,CA,Dieleman_Baltzer_Turetsky,boreal,NA,118.75,20
Dieleman,burned,e8,2014,2019,5,4-10,S,CA,Dieleman_Baltzer_Turetsky,boreal,NA,138.76190476190476,21
Dieleman,burned,NA,1972,2019,47,>40,D,CA,Dieleman_Baltzer_Turetsky,boreal,NA,163.55,20
Dieleman,burned,NA,1981,2019,"NA",21-40,S,CA,Dieleman_Baltzer_Turetsky,boreal,NA,147.4,5
Dieleman,unburned,e1,1960,2017,u,unburned,S,CA,Dieleman_Baltzer_Turetsky,boreal,NA,95.875,16
Dieleman,unburned,e1,1960,2019,u,unburned,S,CA,Dieleman_Baltzer_Turetsky,boreal,NA,121.82758620689656,29
Dieleman,unburned,e2,1960,2019,u,unburned,D,CA,Dieleman_Baltzer_Turetsky,boreal,NA,88.875,24
Dieleman,unburned,e3,1960,2018,u,unburned,D,CA,Dieleman_Baltzer_Turetsky,boreal,NA,58,5
Dieleman,unburned,e4,1960,2018,u,unburned,D,CA,Dieleman_Baltzer_Turetsky,boreal,NA,70.4,40
Dieleman,unburned,e5,1960,2019,u,unburned,S,CA,Dieleman_Baltzer_Turetsky,boreal,NA,108.27777777777777,18
Dieleman,unburned,e6,1960,2019,u,unburned,D,CA,Dieleman_Baltzer_Turetsky,boreal,NA,119,20
Dieleman,unburned,e7,1960,2019,u,unburned,S,CA,Dieleman_Baltzer_Turetsky,boreal,NA,189.33333333333334,3
Dieleman,unburned,e8,1960,2019,u,unburned,D,CA,Dieleman_Baltzer_Turetsky,boreal,NA,61.8,5
Dieleman,unburned,NA,1940,2019,u,unburned,S,CA,Dieleman_Baltzer_Turetsky,boreal,NA,151,5
Dieleman,unburned,NA,1960,2018,u,unburned,D,CA,Dieleman_Baltzer_Turetsky,boreal,NA,61.625,8
Dieleman,unburned,NA,1960,2019,u,unburned,D,CA,Dieleman_Baltzer_Turetsky,boreal,NA,145,2
Douglas,burned,f1,2010,2011,1,0-3,D,US,Douglas and Jorgenson,boreal,NA,106.8125,48
Douglas,burned,f1,2010,2012,2,0-3,D,US,Douglas and Jorgenson,boreal,NA,142.625,24
Douglas,burned,f1,2010,2013,3,0-3,D,US,Douglas and Jorgenson,boreal,NA,154.3409090909091,44
Douglas,burned,f1,2010,2014,4,4-10,D,US,Douglas and Jorgenson,boreal,NA,165,36
Douglas,burned,f1,2010,2018,8,4-10,D,US,Douglas and Jorgenson,boreal,NA,316.5,22
Douglas,burned,f1,2010,2020,10,4-10,D,US,Douglas and Jorgenson,boreal,NA,293.06451612903226,31
Douglas,unburned,f1,-9999,2005,u,unburned,D,US,Douglas and Jorgenson,boreal,NA,57.49586776859504,121
Douglas,unburned,f1,-9999,2006,u,unburned,D,US,Douglas and Jorgenson,boreal,NA,53.53719008264463,121
Douglas,unburned,f1,-9999,2007,u,unburned,D,US,Douglas and Jorgenson,boreal,NA,56.925619834710744,121
Douglas,unburned,f1,-9999,2008,u,unburned,D,US,Douglas and Jorgenson,boreal,NA,56.11570247933884,121
Douglas,unburned,f1,-9999,2009,u,unburned,D,US,Douglas and Jorgenson,boreal,NA,51.66942148760331,121
Douglas,unburned,f1,-9999,2010,u,unburned,D,US,Douglas and Jorgenson,boreal,NA,55.05785123966942,121
Douglas,unburned,f1,-9999,2011,u,unburned,D,US,Douglas and Jorgenson,boreal,NA,56.6198347107438,121
Douglas,unburned,f1,-9999,2012,u,unburned,D,US,Douglas and Jorgenson,boreal,NA,57.40495867768595,121
Douglas,unburned,f1,-9999,2013,u,unburned,D,US,Douglas and Jorgenson,boreal,NA,53.388429752066116,121
Douglas,unburned,f1,-9999,2014,u,unburned,D,US,Douglas and Jorgenson,boreal,NA,58.917355371900825,121
Douglas,unburned,f1,-9999,2015,u,unburned,D,US,Douglas and Jorgenson,boreal,NA,55.735537190082646,121
Douglas,unburned,f1,-9999,2016,u,unburned,D,US,Douglas and Jorgenson,boreal,NA,61.69421487603306,121
Douglas,unburned,f1,-9999,2017,u,unburned,D,US,Douglas and Jorgenson,boreal,NA,60.429752066115704,121
Douglas,unburned,f1,-9999,2018,u,unburned,D,US,Douglas and Jorgenson,boreal,NA,61.82644628099174,121
Douglas,unburned,f1,-9999,2019,u,unburned,D,US,Douglas and Jorgenson,boreal,NA,64.34710743801652,121
Douglas,unburned,f1,-9999,2020,u,unburned,D,US,Douglas and Jorgenson,boreal,NA,66.28099173553719,121
Frost,burned,g1,1971,2017,46,>40,C,US,Frost,tundra,NA,58.79661016949152,59
Frost,burned,g1,1972,2017,45,>40,C,US,Frost,tundra,NA,57.23809523809524,21
Frost,burned,g1,1985,2017,32,21-40,C,US,Frost,tundra,NA,60.36144578313253,83
Frost,burned,g1,2006,2017,11,11-20,C,US,Frost,tundra,NA,70.26506024096386,83
Frost,burned,g1,2007,2017,10,4-10,C,US,Frost,tundra,NA,65.5,20
Frost,burned,g1,2015,2017,2,0-3,C,US,Frost,tundra,NA,64.015625,64
Frost,burned,g1,2015,2018,3,0-3,C,US,Frost,tundra,NA,77.64473684210526,228
Frost,unburned,g1,-9999,2017,u,unburned,C,US,Frost,tundra,NA,53.426829268292686,82
Gaglioti,burned,h1,1984,2017,33,21-40,C,US,Gaglioti,tundra,NA,51.529411764705884,204
Gaglioti,unburned,h1,1972,2017,u,unburned,C,US,Gaglioti,tundra,NA,41.90909090909091,77
Holloway,burned,i1,2014,2015,1,0-3,D,CA,Holloway,boreal,NA,78.71337579617834,157
Holloway,burned,i1,2014,2016,2,0-3,D,CA,Holloway,boreal,NA,80,119
Holloway,burned,i1,2014,2017,3,0-3,D,CA,Holloway,boreal,NA,68.6,10
Holloway,burned,i1,2014,2018,4,4-10,D,CA,Holloway,boreal,NA,87.0657894736842,76
Holloway,burned,i1,2015,2016,1,0-3,D,CA,Holloway,boreal,NA,59.83606557377049,61
Holloway,burned,i1,2015,2017,2,0-3,D,CA,Holloway,boreal,NA,67.26229508196721,61
Holloway,burned,i1,2015,2018,3,0-3,D,CA,Holloway,boreal,NA,80.24590163934427,61
Holloway,burned,i1,2015,2019,4,4-10,D,CA,Holloway,boreal,NA,73.125,56
Holloway,burned,i2,2014,2015,1,0-3,D,CA,Holloway,boreal,NA,95.37037037037037,27
Holloway,burned,i2,2014,2015,1,0-3,S,CA,Holloway,boreal,NA,72.03947368421052,76
Holloway,burned,i2,2014,2016,2,0-3,D,CA,Holloway,boreal,NA,123,29
Holloway,burned,i2,2014,2016,2,0-3,S,CA,Holloway,boreal,NA,93.09210526315789,76
Holloway,burned,i2,2014,2017,3,0-3,D,CA,Holloway,boreal,NA,76,2
Holloway,burned,i2,2014,2017,3,0-3,S,CA,Holloway,boreal,NA,89.01639344262296,61
Holloway,burned,i2,2014,2018,4,4-10,D,CA,Holloway,boreal,NA,138.66666666666666,3
Holloway,burned,i2,2014,2018,4,4-10,S,CA,Holloway,boreal,NA,94.09803921568627,51
Holloway,burned,i2,2014,2019,5,4-10,S,CA,Holloway,boreal,NA,105.61904761904762,21
Holloway,unburned,i1,-9999,2015,u,unburned,D,CA,Holloway,boreal,NA,67.17857142857143,56
Holloway,unburned,i1,-9999,2016,u,unburned,D,CA,Holloway,boreal,NA,66.14583333333333,48
Holloway,unburned,i1,-9999,2017,u,unburned,D,CA,Holloway,boreal,NA,69.36363636363636,44
Holloway,unburned,i1,-9999,2018,u,unburned,D,CA,Holloway,boreal,NA,74.82608695652173,46
Holloway,unburned,i1,-9999,2019,u,unburned,D,CA,Holloway,boreal,NA,71.84375,32
Holloway,unburned,i2,-9999,2016,u,unburned,D,CA,Holloway,boreal,NA,65.5,60
Holloway,unburned,i2,-9999,2017,u,unburned,D,CA,Holloway,boreal,NA,71.03448275862068,58
Holloway,unburned,i2,-9999,2018,u,unburned,D,CA,Holloway,boreal,NA,72.55932203389831,59
Holloway,unburned,i2,-9999,2019,u,unburned,D,CA,Holloway,boreal,NA,73.5,40
Loranty,burned,j1,1972,2012,40,21-40,C,RU,Loranty,tundra,NA,43.37301587301587,126
Loranty,burned,j1,1972,2013,41,>40,C,RU,Loranty,tundra,NA,43.30769230769231,117
Loranty,unburned,j1,1972,2012,u,unburned,C,RU,Loranty,tundra,NA,37.6031746031746,63
Loranty,unburned,j1,1972,2013,u,unburned,C,RU,Loranty,tundra,NA,54.164021164021165,189
Manies,burned,k1,1999,2001,2,0-3,D,US,Manies,boreal,NA,97.34297520661157,242
Manies,unburned,k1,1999,2001,u,unburned,D,US,Manies,boreal,NA,63.23428571428571,350
Natali,burned,l1,2007,2018,11,11-20,C,US,Natali,tundra,NA,60.064516129032256,31
Natali,burned,l2,1983,2015,32,21-40,D,US,Natali,boreal,NA,81.42857142857143,504
Natali,burned,l2,2015,2015,0,0-3,D,US,Natali,boreal,NA,73.23809523809524,252
Natali,burned,l3,2003,2017,14,11-20,D,US,Natali,boreal,NA,75.82702702702703,185
Natali,burned,l3,2003,2018,15,11-20,D,US,Natali,boreal,NA,89.98387096774194,124
Natali,burned,l3,2015,2017,2,0-3,D,US,Natali,boreal,NA,67.06557377049181,61
Natali,burned,l3,2015,2018,3,0-3,D,US,Natali,boreal,NA,78.51612903225806,62
Natali,burned,l4,2004,2017,13,11-20,D,US,Natali,boreal,NA,41.65573770491803,61
Natali,burned,l4,2015,2017,2,0-3,D,US,Natali,boreal,NA,41.12903225806452,31
Natali,burned,l5,2004,2018,14,11-20,D,US,Natali,boreal,NA,85.71428571428571,84
Natali,burned,l5,2015,2018,3,0-3,D,US,Natali,boreal,NA,86.36734693877551,49
Natali,burned,l6,1972,2017,45,>40,C,US,Natali,tundra,NA,53.74074074074074,27
Natali,burned,l6,2015,2015,0,0-3,C,US,Natali,tundra,NA,79.11666666666666,60
Natali,burned,l6,2015,2016,1,0-3,C,US,Natali,tundra,NA,63.55958549222798,579
Natali,burned,l6,2015,2017,2,0-3,C,US,Natali,tundra,NA,61.867924528301884,53
Natali,unburned,l1,-9999,2018,u,unburned,C,US,Natali,tundra,NA,43.66129032258065,62
Natali,unburned,l2,-9999,2015,u,unburned,D,US,Natali,boreal,NA,42.023809523809526,504
Natali,unburned,l2,2015,2015,u,unburned,D,US,Natali,boreal,NA,55.23809523809524,252
Natali,unburned,l2,2015,2017,u,unburned,D,US,Natali,boreal,NA,60.94059405940594,1212
Natali,unburned,l2,2015,2018,u,unburned,D,US,Natali,boreal,NA,75.25742574257426,1212
Natali,unburned,l3,-9999,2016,u,unburned,D,US,Natali,boreal,NA,49.540983606557376,61
Natali,unburned,l3,-9999,2017,u,unburned,D,US,Natali,boreal,NA,46.24691358024691,162
Natali,unburned,l3,-9999,2018,u,unburned,D,US,Natali,boreal,NA,52.83870967741935,124
Natali,unburned,l3,2015,2016,u,unburned,D,US,Natali,boreal,NA,47.38709677419355,31
Natali,unburned,l3,2015,2017,u,unburned,D,US,Natali,boreal,NA,44.193548387096776,31
Natali,unburned,l3,2015,2018,u,unburned,D,US,Natali,boreal,NA,50.064516129032256,62
Natali,unburned,l4,-9999,2016,u,unburned,D,US,Natali,boreal,NA,49.725806451612904,62
Natali,unburned,l4,-9999,2017,u,unburned,D,US,Natali,boreal,NA,48.29838709677419,124
Natali,unburned,l4,2015,2016,u,unburned,D,US,Natali,boreal,NA,46.61290322580645,31
Natali,unburned,l4,2015,2017,u,unburned,D,US,Natali,boreal,NA,45.96774193548387,62
Natali,unburned,l5,-9999,2018,u,unburned,D,US,Natali,boreal,NA,64,28
Natali,unburned,l5,2015,2018,u,unburned,D,US,Natali,boreal,NA,77.14814814814815,27
Natali,unburned,l6,-9999,2015,u,unburned,C,US,Natali,tundra,NA,58.483333333333334,60
Natali,unburned,l6,-9999,2016,u,unburned,C,US,Natali,tundra,NA,59.44758064516129,496
Natali,unburned,l6,-9999,2017,u,unburned,C,US,Natali,tundra,NA,51.925925925925924,27
Natali,unburned,l6,2015,2017,u,unburned,C,US,Natali,tundra,NA,61.76923076923077,26
O'Donnell,burned,m1,2003,2005,2,0-3,D,US,O'Donnell,boreal,NA,72.61666666666666,120
O'Donnell,burned,m2,2003,2005,2,0-3,D,US,O'Donnell,boreal,NA,68.1,110
O'Donnell,burned,m3,1967,2007,40,21-40,D,US,O'Donnell,boreal,NA,45,1
O'Donnell,burned,m3,1990,2007,17,11-20,D,US,O'Donnell,boreal,NA,55,1
O'Donnell,burned,m3,2003,2007,4,4-10,D,US,O'Donnell,boreal,NA,61.2,5
O'Donnell,unburned,m1,-9999,2005,u,unburned,D,US,O'Donnell,boreal,NA,59.1764705882353,119
O'Donnell,unburned,m2,-9999,2005,u,unburned,D,US,O'Donnell,boreal,NA,82.67796610169492,118
O'Donnell,unburned,m3,-9999,2007,u,unburned,D,US,O'Donnell,boreal,NA,49,3
O'Donnell,unburned,m4,-9999,2008,u,unburned,D,US,O'Donnell,boreal,NA,34,2
O'Donnell,unburned,m5,-9999,2007,u,unburned,D,US,O'Donnell,boreal,NA,79,1
O'Donnell,unburned,m5,-9999,2008,u,unburned,D,US,O'Donnell,boreal,NA,66,1
Olefeldt,burned,n1,1975,2015,40,21-40,D,CA,Gibson,boreal,NA,60.832727272727276,275
Olefeldt,burned,n1,1975,2016,41,>40,D,CA,Gibson,boreal,NA,88.13186813186813,91
Olefeldt,burned,n2,1995,2015,20,11-20,D,CA,Gibson,boreal,NA,77.30978260869566,184
Olefeldt,burned,n2,1995,2016,21,21-40,D,CA,Gibson,boreal,NA,109.4696132596685,181
Olefeldt,burned,n2,2006,2015,9,4-10,D,CA,Gibson,boreal,NA,100.83040935672514,171
Olefeldt,burned,n2,2006,2016,10,4-10,D,CA,Gibson,boreal,NA,124.64497041420118,169
Olefeldt,burned,n3,2014,2015,1,0-3,S,CA,Gibson,boreal,NA,72.45296167247386,287
Olefeldt,burned,n4,2000,2015,15,11-20,S,CA,Gibson,boreal,NA,82.9618320610687,262
Olefeldt,burned,n4,2000,2016,16,11-20,S,CA,Gibson,boreal,NA,103.90036900369003,542
Olefeldt,burned,n4,2008,2016,8,4-10,S,CA,Gibson,boreal,NA,86.58085106382978,470
Olefeldt,burned,n4,2012,2015,3,0-3,S,CA,Gibson,boreal,NA,71.72874493927125,247
Olefeldt,burned,n4,2012,2016,4,4-10,S,CA,Gibson,boreal,NA,77.49560117302053,682
Olefeldt,burned,n5,1964,2016,52,>40,S,CA,Gibson,boreal,NA,75.49489795918367,196
Olefeldt,burned,n5,1967,2015,48,>40,S,CA,Gibson,boreal,NA,71.2,170
Olefeldt,burned,n5,1967,2016,49,>40,S,CA,Gibson,boreal,NA,54.38,100
Olefeldt,burned,n5,2013,2015,2,0-3,S,CA,Gibson,boreal,NA,88.90252707581227,277
Olefeldt,burned,n5,2013,2016,3,0-3,S,CA,Gibson,boreal,NA,111.25641025641026,195
Olefeldt,burned,n6,2014,2015,1,0-3,S,CA,Gibson,boreal,NA,72.9375,64
Olefeldt,burned,n7,1975,2016,41,>40,D,CA,Gibson,boreal,NA,79.38541666666667,192
Olefeldt,burned,n7,1982,2015,33,21-40,S,CA,Gibson,boreal,NA,46.791666666666664,72
Olefeldt,burned,n7,1984,2015,31,21-40,S,CA,Gibson,boreal,NA,66.79545454545455,88
Olefeldt,burned,n7,1984,2016,32,21-40,S,CA,Gibson,boreal,NA,84.11904761904762,84
Olefeldt,burned,n7,2007,2019,12,11-20,S,CA,Schulze,boreal,NA,119.5,6
Olefeldt,burned,n7,2007,2020,13,11-20,S,CA,Schulze,boreal,NA,64.93867924528301,212
Olefeldt,burned,n7,2008,2016,8,4-10,S,CA,Gibson,boreal,NA,119.875,32
Olefeldt,burned,n7,2013,2016,3,0-3,S,CA,Gibson,boreal,NA,61.48979591836735,98
Olefeldt,burned,n7,2014,2016,2,0-3,S,CA,Gibson,boreal,NA,90.96333333333334,300
Olefeldt,burned,n7,2019,2019,0,0-3,S,CA,Schulze,boreal,NA,57.61538461538461,65
Olefeldt,burned,n7,2019,2020,1,0-3,S,CA,Schulze,boreal,NA,68.06551724137931,290
Olefeldt,unburned,n1,-9999,2015,u,unburned,D,CA,Gibson,boreal,NA,60.625,288
Olefeldt,unburned,n1,-9999,2016,u,unburned,D,CA,Gibson,boreal,NA,64.31,200
Olefeldt,unburned,n2,-9999,2015,u,unburned,D,CA,Gibson,boreal,NA,66.57865168539325,178
Olefeldt,unburned,n2,-9999,2016,u,unburned,D,CA,Gibson,boreal,NA,71.82198952879581,191
Olefeldt,unburned,n3,-9999,2015,u,unburned,S,CA,Gibson,boreal,NA,64.13389121338912,239
Olefeldt,unburned,n3,-9999,2016,u,unburned,S,CA,Gibson,boreal,NA,84.6219512195122,82
Olefeldt,unburned,n4,-9999,2015,u,unburned,S,CA,Gibson,boreal,NA,58.281437125748504,334
Olefeldt,unburned,n4,-9999,2016,u,unburned,S,CA,Gibson,boreal,NA,78.0503937007874,635
Olefeldt,unburned,n5,-9999,2015,u,unburned,S,CA,Gibson,boreal,NA,65.23046875,256
Olefeldt,unburned,n5,-9999,2016,u,unburned,S,CA,Gibson,boreal,NA,68.88775510204081,294
Olefeldt,unburned,n6,-9999,2015,u,unburned,S,CA,Gibson,boreal,NA,61.4320987654321,81
Olefeldt,unburned,n7,-9999,2015,u,unburned,S,CA,Gibson,boreal,NA,47.98837209302326,172
Olefeldt,unburned,n7,-9999,2016,u,unburned,D,CA,Gibson,boreal,NA,72.4,100
Olefeldt,unburned,n7,-9999,2016,u,unburned,S,CA,Gibson,boreal,NA,67.35036496350365,274
Olefeldt,unburned,n7,-9999,2019,u,unburned,S,CA,Schulze,boreal,NA,60.63492063492063,63
Olefeldt,unburned,n7,-9999,2020,u,unburned,S,CA,Schulze,boreal,NA,71.02447552447552,286
Paulson,burned,o1,1984,2019,35,21-40,C,RU,Paulson,boreal,NA,21,31
Paulson,burned,o10,2002,2019,17,11-20,C,RU,Paulson,boreal,NA,131.13333333333333,45
Paulson,burned,o11,2002,2019,17,11-20,C,RU,Paulson,boreal,NA,145.93333333333334,15
Paulson,burned,o12,2002,2019,17,11-20,C,RU,Paulson,boreal,NA,94.53333333333333,15
Paulson,burned,o13,2002,2019,17,11-20,C,RU,Paulson,boreal,NA,129.04545454545453,44
Paulson,burned,o13,2015,2018,3,0-3,C,RU,Paulson,boreal,NA,70.88333333333334,60
Paulson,burned,o2,2003,2019,16,11-20,C,RU,Paulson,boreal,NA,44.32941176470588,85
Paulson,burned,o3,1983,2019,36,21-40,C,RU,Paulson,boreal,NA,43.11666666666667,60
Paulson,burned,o4,2001,2018,17,11-20,C,RU,Paulson,boreal,NA,118.4320987654321,81
Paulson,burned,o5,2015,2018,3,0-3,C,RU,Paulson,boreal,NA,69.8,60
Paulson,burned,o7,2001,2018,17,11-20,C,RU,Paulson,boreal,NA,209.33333333333334,3
Paulson,burned,o8,1990,2019,29,21-40,C,RU,Paulson,boreal,NA,79.8,60
Paulson,burned,o9,2010,2018,8,4-10,C,RU,Paulson,boreal,NA,131.4,65
Paulson,unburned,o1,1984,2019,u,unburned,C,RU,Paulson,boreal,NA,19.5,4
Paulson,unburned,o10,2002,2019,u,unburned,C,RU,Paulson,boreal,NA,104.73333333333333,15
Paulson,unburned,o11,2002,2019,u,unburned,C,RU,Paulson,boreal,NA,84.6,5
Paulson,unburned,o12,2002,2019,u,unburned,C,RU,Paulson,boreal,NA,45.6,5
Paulson,unburned,o13,2002,2019,u,unburned,C,RU,Paulson,boreal,NA,79.33333333333333,15
Paulson,unburned,o13,2015,2018,u,unburned,C,RU,Paulson,boreal,NA,44.7,20
Paulson,unburned,o2,2003,2019,u,unburned,C,RU,Paulson,boreal,NA,48.43333333333333,30
Paulson,unburned,o3,1983,2019,u,unburned,C,RU,Paulson,boreal,NA,39.15,20
Paulson,unburned,o4,2001,2018,u,unburned,C,RU,Paulson,boreal,NA,45.56666666666667,30
Paulson,unburned,o5,2015,2018,u,unburned,C,RU,Paulson,boreal,NA,59.7,20
Paulson,unburned,o7,2001,2018,u,unburned,C,RU,Paulson,boreal,NA,61.95,20
Paulson,unburned,o8,1990,2019,u,unburned,C,RU,Paulson,boreal,NA,44.45,20
Paulson,unburned,o9,2010,2018,u,unburned,C,RU,Paulson,boreal,NA,44.8,30
Rocha,burned,p1,2007,2008,1,0-3,C,US,Rocha,tundra,NA,54.476190476190474,672
Rocha,burned,p1,2007,2009,2,0-3,C,US,Rocha,tundra,NA,59.37233054781801,1077
Rocha,burned,p1,2007,2010,3,0-3,C,US,Rocha,tundra,NA,63.27850877192982,456
Rocha,burned,p1,2007,2011,4,4-10,C,US,Rocha,tundra,NA,53.24013157894737,912
Rocha,burned,p1,2007,2012,5,4-10,C,US,Rocha,tundra,NA,57.70634920634921,1008
Rocha,burned,p1,2007,2013,6,4-10,C,US,Rocha,tundra,NA,57.26201923076923,832
Rocha,burned,p1,2007,2014,7,4-10,C,US,Rocha,tundra,NA,51.38333333333333,1680
Rocha,burned,p1,2007,2015,8,4-10,C,US,Rocha,tundra,NA,60.589285714285715,1008
Rocha,burned,p1,2007,2016,9,4-10,C,US,Rocha,tundra,NA,54.31547619047619,1512
Rocha,burned,p1,2007,2017,10,4-10,C,US,Rocha,tundra,NA,46.37063492063492,1260
Rocha,burned,p1,2007,2018,11,11-20,C,US,Rocha,tundra,NA,54.43361581920904,708
Rocha,burned,p1,2007,2019,12,11-20,C,US,Rocha,tundra,NA,58.38527851458886,1508
Rocha,burned,p1,2007,2020,13,11-20,C,US,Rocha,tundra,NA,61.67065868263473,334
Rocha,burned,p2,2001,2011,10,4-10,C,US,Rocha,tundra,NA,48.86666666666667,30
Rocha,burned,p3,1993,2012,19,11-20,C,US,Rocha,tundra,NA,42.375,80
Rocha,burned,p4,1977,2013,36,21-40,C,US,Rocha,tundra,NA,42.3,80
Rocha,burned,p5,1900,2014,114,>40,C,US,Rocha,tundra,NA,41.24583333333333,240
Rocha,burned,p6,2007,2014,7,4-10,C,US,Rocha,tundra,NA,49.56428571428572,700
Rocha,burned,p6,2007,2019,12,11-20,C,US,Rocha,tundra,NA,64.63787878787879,660
Rocha,unburned,p1,2007,2008,u,unburned,C,US,Rocha,tundra,NA,41.8955223880597,335
Rocha,unburned,p1,2007,2009,u,unburned,C,US,Rocha,tundra,NA,42.296370967741936,496
Rocha,unburned,p1,2007,2010,u,unburned,C,US,Rocha,tundra,NA,49.18859649122807,228
Rocha,unburned,p1,2007,2011,u,unburned,C,US,Rocha,tundra,NA,40.10087719298246,456
Rocha,unburned,p1,2007,2012,u,unburned,C,US,Rocha,tundra,NA,42.07936507936508,504
Rocha,unburned,p1,2007,2013,u,unburned,C,US,Rocha,tundra,NA,44.02163461538461,416
Rocha,unburned,p1,2007,2014,u,unburned,C,US,Rocha,tundra,NA,37.79761904761905,840
Rocha,unburned,p1,2007,2015,u,unburned,C,US,Rocha,tundra,NA,48.976190476190474,504
Rocha,unburned,p1,2007,2016,u,unburned,C,US,Rocha,tundra,NA,46.611111111111114,756
Rocha,unburned,p1,2007,2017,u,unburned,C,US,Rocha,tundra,NA,37.69047619047619,672
Rocha,unburned,p1,2007,2018,u,unburned,C,US,Rocha,tundra,NA,44.58757062146893,354
Rocha,unburned,p1,2007,2019,u,unburned,C,US,Rocha,tundra,NA,51.964285714285715,756
Rocha,unburned,p1,2007,2020,u,unburned,C,US,Rocha,tundra,NA,57.654761904761905,168
Rocha,unburned,p2,2001,2011,u,unburned,C,US,Rocha,tundra,NA,41.2,30
Rocha,unburned,p3,1993,2012,u,unburned,C,US,Rocha,tundra,NA,42.9375,80
Rocha,unburned,p4,1977,2013,u,unburned,C,US,Rocha,tundra,NA,55.7375,80
Rocha,unburned,p5,1900,2014,u,unburned,C,US,Rocha,tundra,NA,42.4,120
Rocha,unburned,p6,2007,2014,u,unburned,C,US,Rocha,tundra,NA,46.454166666666666,240
Rocha,unburned,p6,2007,2019,u,unburned,C,US,Rocha,tundra,NA,58.016666666666666,240
Sizov,burned,q1,2016,2020,4,4-10,D,RU,"Sizov, Soromotin, Brodt",tundra,NA,226,1
Sizov,unburned,q1,-9999,2020,u,unburned,C,RU,"Sizov, Soromotin, Brodt",tundra,NA,131,1
Sizov,unburned,q1,-9999,2020,u,unburned,D,RU,"Sizov, Soromotin, Brodt",tundra,NA,249,1
